[
  {
    "fahrzeug": "Porsche Cayenne",
    "preis": 28900,
    "ez": "2019-04",
    "km": 76800,
    "antrieb": "Benzin",
    "bewertung": 8.7,
    "link": "https://mobile.de/angebot1"
  },
  {
    "fahrzeug": "Mercedes ML 350",
    "preis": 23900,
    "ez": "2016-08",
    "km": 112000,
    "antrieb": "Diesel",
    "bewertung": 8.1,
    "link": "https://autoscout24.de/angebot2"
  },
  {
    "fahrzeug": "VW Touareg",
    "preis": 24380,
    "ez": "2015-08",
    "km": 140377,
    "antrieb": "Diesel",
    "bewertung": 7.7,
    "link": "https://mobile.de/angebot3"
  },
  {
    "fahrzeug": "Skoda Kodiaq",
    "preis": 21459,
    "ez": "2018-11",
    "km": 50094,
    "antrieb": "Elektro",
    "bewertung": 6.7,
    "link": "https://autoscout24.de/angebot4"
  },
  {
    "fahrzeug": "Lexus RX",
    "preis": 33790,
    "ez": "2021-06",
    "km": 133010,
    "antrieb": "Diesel",
    "bewertung": 9.1,
    "link": "https://mobile.de/angebot5"
  }
]