{
  "zeitpunkt": "2025-05-06T16:32:14.449317",
  "plattformen": [
    {
      "name": "autohero.com",
      "typ": "API",
      "status": "OK",
      "einträge": 12
    },
    {
      "name": "hey.car",
      "typ": "Scraper",
      "status": "OK",
      "einträge": 18
    },
    {
      "name": "autouncle.de",
      "typ": "Scraper",
      "status": "OK",
      "einträge": 11
    },
    {
      "name": "willhaben.at",
      "typ": "Scraper",
      "status": "OK",
      "einträge": 22
    },
    {
      "name": "mobile.de",
      "typ": "Scraper",
      "status": "Fehler ❌",
      "einträge": 0
    },
    {
      "name": "autoscout24.de",
      "typ": "Scraper",
      "status": "Fehler ❌",
      "einträge": 0
    },
    {
      "name": "gebrauchtwagen.at",
      "typ": "Scraper",
      "status": "OK",
      "einträge": 14
    },
    {
      "name": "dasweltauto.at",
      "typ": "Scraper",
      "status": "OK",
      "einträge": 9
    }
  ],
  "gesamt_angebote": 86,
  "gültig": 80,
  "ungültig": 6,
  "feed_status": "✅ aktiv"
}